"0","ensembl <- useEnsembl(biomart = ""genes"", mirror=""useast"", dataset = ""hsapiens_gene_ensembl"")"
"0",""
"0","biomart.output <- getBM(mart = ensembl, values = WT_E2_res_data$Ensembl_ID, "
"0","                      filters = ""ensembl_gene_id_version"","
"0","                      attributes = c(""external_gene_name"","
"0","                                     ""ensembl_gene_id_version"","
"0","                                     ""ensembl_gene_id""))"
"0","                "
"0","head(biomart.output)"
