"0","EnhancedVolcano(WT_E2_res_data_gene,"
"0","                lab = as.character(WT_E2_res_data_gene$external_gene_name),"
"0","                x = 'log2FoldChange',"
"0","                y = 'padj', "
"0","                title = ""MCF7-WT Estrogen (E2) versus vehicle"","
"0","                subtitle = ""Differential expression"", "
"0","                FCcutoff = 1,"
"0","                pCutoff = 0.05,"
"0","                labSize = 4, "
"0","                axisLabSize = 12, "
"0","                col=c('black', 'black', 'black', 'red3'),"
"0","                legendLabels=c('Not sig.','Log2FC','padj', 'padj & Log2FC'),"
"0","                legendPosition = 'right',"
"0","                legendLabSize = 16,"
"0","                legendIconSize = 5.0,"
"0","                gridlines.major = FALSE,"
"0","                gridlines.minor = FALSE)"
