"0","# WT E2 vs. WT veh"
"0","WT_E2_res <- results(dds, contrast = c(""group"", ""WT_E2"", ""WT_veh""))"
"0","WT_E2_sigs <- na.omit(WT_E2_res)"
"0","WT_E2_sigs <- subset(WT_E2_sigs, padj < 0.05 & abs(log2FoldChange) > 1)"
"0",""
"0","WT_E2_sig_data <- merge(as.data.frame(WT_E2_sigs), as.data.frame(counts(dds, normalized=TRUE)), by=""row.names"", sort=FALSE)"
"0","names(WT_E2_sig_data)[1] <- ""Ensembl_ID"""
"0","write.csv(WT_E2_sig_data, ""WT_E2vsVeh_DEGs.csv"")"
"0",""
"0","# YS E2 vs YS veh"
"0","YS_E2_res <- results(dds, contrast = c(""group"", ""YS_E2"", ""YS_veh""))"
"0","YS_E2_sigs <- na.omit(YS_E2_res)"
"0","YS_E2_sigs <- subset(YS_E2_sigs, padj < 0.05 & abs(log2FoldChange) > 1)"
"0",""
"0","YS_E2_sig_data <- merge(as.data.frame(YS_E2_sigs), as.data.frame(counts(dds, normalized=TRUE)), by=""row.names"", sort=FALSE)"
"0","names(YS_E2_sig_data)[1] <- ""Ensembl_ID"""
"0","write.csv(YS_E2_sig_data, ""Y2_E2vsVeh_DEGs.csv"")"
"0",""
