{"working_dir":null,"default_chunk_options":{"echo":true,"warning":false,"message":false},"chunk_definitions":[{"row":14,"row_count":1,"visible":true,"expansion_state":0,"options":{"engine":"r","label":"setup","include":false},"document_id":"C6114C7A","chunk_id":"csetup_chunk","chunk_label":"setup"},{"row":37,"row_count":1,"visible":true,"expansion_state":0,"options":{"engine":"r","label":"unnamed-chunk-1"},"document_id":"C6114C7A","chunk_id":"cqpjjr6dppuux","chunk_label":"unnamed-chunk-1"},{"row":51,"row_count":1,"visible":true,"expansion_state":0,"options":{"engine":"r","label":"unnamed-chunk-2"},"document_id":"C6114C7A","chunk_id":"cojzfoihlibou","chunk_label":"unnamed-chunk-2"},{"row":85,"row_count":1,"visible":true,"expansion_state":0,"options":{"engine":"r","label":"unnamed-chunk-3"},"document_id":"C6114C7A","chunk_id":"cxlyb8ox3qzyk","chunk_label":"unnamed-chunk-3"},{"row":92,"row_count":1,"visible":true,"expansion_state":0,"options":{"engine":"r","label":"unnamed-chunk-4"},"document_id":"C6114C7A","chunk_id":"cy0mqg2zf3ipo","chunk_label":"unnamed-chunk-4"},{"row":101,"row_count":1,"visible":true,"expansion_state":0,"options":{"engine":"r","label":"unnamed-chunk-5"},"document_id":"C6114C7A","chunk_id":"ck11ls13lmdbq","chunk_label":"unnamed-chunk-5"},{"row":119,"row_count":1,"visible":true,"expansion_state":0,"options":{"engine":"r","label":"unnamed-chunk-6"},"document_id":"C6114C7A","chunk_id":"c3k0pyxdna0bj","chunk_label":"unnamed-chunk-6"},{"row":129,"row_count":1,"visible":true,"expansion_state":0,"options":{"engine":"r","label":"relevel"},"document_id":"C6114C7A","chunk_id":"c7i61su7qvd7h","chunk_label":"relevel"},{"row":147,"row_count":1,"visible":true,"expansion_state":0,"options":{"engine":"r","label":"unnamed-chunk-7"},"document_id":"C6114C7A","chunk_id":"ch4687ixoh3c1","chunk_label":"unnamed-chunk-7"},{"row":151,"row_count":1,"visible":true,"expansion_state":0,"options":{"engine":"r","label":"unnamed-chunk-8"},"document_id":"C6114C7A","chunk_id":"cwxkg3meeb58p","chunk_label":"unnamed-chunk-8"},{"row":166,"row_count":1,"visible":true,"expansion_state":0,"options":{"engine":"r","label":"unnamed-chunk-9"},"document_id":"C6114C7A","chunk_id":"c0yhz9a644jdx","chunk_label":"unnamed-chunk-9"},{"row":176,"row_count":1,"visible":true,"expansion_state":0,"options":{"engine":"r","label":"unnamed-chunk-10"},"document_id":"C6114C7A","chunk_id":"c6hicspjtlvqf","chunk_label":"unnamed-chunk-10"},{"row":199,"row_count":1,"visible":true,"expansion_state":0,"options":{"engine":"r","label":"unnamed-chunk-11"},"document_id":"C6114C7A","chunk_id":"cz7pnj2l4yvrf","chunk_label":"unnamed-chunk-11"},{"row":208,"row_count":1,"visible":true,"expansion_state":0,"options":{"engine":"r","label":"unnamed-chunk-12"},"document_id":"C6114C7A","chunk_id":"cz1143sz8v4w3","chunk_label":"unnamed-chunk-12"},{"row":227,"row_count":1,"visible":true,"expansion_state":0,"options":{"engine":"r","label":"unnamed-chunk-13"},"document_id":"C6114C7A","chunk_id":"cb5hz516du333","chunk_label":"unnamed-chunk-13"},{"row":239,"row_count":1,"visible":true,"expansion_state":0,"options":{"engine":"r","label":"unnamed-chunk-14"},"document_id":"C6114C7A","chunk_id":"c6w1owno63lwv","chunk_label":"unnamed-chunk-14"},{"row":244,"row_count":1,"visible":true,"expansion_state":0,"options":{"engine":"r","label":"unnamed-chunk-15"},"document_id":"C6114C7A","chunk_id":"ca9uarbvo5gi8","chunk_label":"unnamed-chunk-15"},{"row":266,"row_count":1,"visible":true,"expansion_state":0,"options":{"engine":"r","label":"unnamed-chunk-16"},"document_id":"C6114C7A","chunk_id":"c2kzevxi8ts3k","chunk_label":"unnamed-chunk-16"},{"row":271,"row_count":1,"visible":true,"expansion_state":0,"options":{"engine":"r","label":"unnamed-chunk-17"},"document_id":"C6114C7A","chunk_id":"clwazfqliuobe","chunk_label":"unnamed-chunk-17"},{"row":280,"row_count":1,"visible":true,"expansion_state":0,"options":{"engine":"r","label":"unnamed-chunk-18"},"document_id":"C6114C7A","chunk_id":"c3yn7tpkgabgl","chunk_label":"unnamed-chunk-18"},{"row":284,"row_count":1,"visible":true,"expansion_state":0,"options":{"engine":"r","label":"unnamed-chunk-19"},"document_id":"C6114C7A","chunk_id":"ch62a6yb3ze3x","chunk_label":"unnamed-chunk-19"},{"row":312,"row_count":1,"visible":true,"expansion_state":0,"options":{"engine":"r","label":"unnamed-chunk-20"},"document_id":"C6114C7A","chunk_id":"c7xhhya8pfwnt","chunk_label":"unnamed-chunk-20"},{"row":336,"row_count":1,"visible":true,"expansion_state":0,"options":{"engine":"r","label":"unnamed-chunk-21"},"document_id":"C6114C7A","chunk_id":"c37d1bfg00wmt","chunk_label":"unnamed-chunk-21"},{"row":341,"row_count":1,"visible":true,"expansion_state":0,"options":{"engine":"r","label":"unnamed-chunk-22"},"document_id":"C6114C7A","chunk_id":"ckw5rboee1ufi","chunk_label":"unnamed-chunk-22"},{"row":346,"row_count":1,"visible":true,"expansion_state":0,"options":{"engine":"r","label":"unnamed-chunk-23"},"document_id":"C6114C7A","chunk_id":"cfs8q8odl9otr","chunk_label":"unnamed-chunk-23"},{"row":351,"row_count":1,"visible":true,"expansion_state":0,"options":{"engine":"r","label":"unnamed-chunk-24"},"document_id":"C6114C7A","chunk_id":"cx4i2015pcmly","chunk_label":"unnamed-chunk-24"}],"doc_write_time":1697314765}